id,languages,classifier,clfType,fileType
26500787,"['shell', 'python', 'html', 'css']",JS-CSS-HTML*_Shell*,IMI_EBD,"['.sh', '.bsh', '.zsh', '.html', '.js', '.css']"
3065454,"['javascript', 'html', 'css']",JS-CSS-HTML*,EBD,"['.html', '.js', '.css']"
29268051,"['html', 'css', 'javascript']",JS-CSS-HTML*,EBD,"['.html', '.js', '.css']"
58836534,"['javascript', 'css', 'html', 'java', 'c++']",JS-CSS-HTML*,EBD,"['.html', '.js', '.css']"
75830968,"['python', 'shell']",Shell*,IMI,"['.sh', '.bsh', '.zsh']"
1844251,"['javascript', 'html', 'css', 'shell']",JS-CSS-HTML*_JavaScript*_Shell*,IMI_EBD,"['.sh', '.bsh', '.zsh', '.ts', '.js', '.html', '.html', '.js', '.css']"
25315643,"['javascript', 'html', 'css', 'shell', 'python', 'php']",JS-CSS-HTML*_JavaScript*_Shell*,IMI_EBD,"['.sh', '.bsh', '.zsh', '.ts', '.js', '.html', '.html', '.js', '.css']"
122692377,"['css', 'html']",JS-CSS-HTML*,EBD,"['.html', '.js', '.css']"
11620669,"['css', 'html']",JS-CSS-HTML*,EBD,"['.html', '.js', '.css']"
15585444,"['css', 'html', 'javascript']",JS-CSS-HTML*,EBD,"['.html', '.js', '.css']"
28751632,"['python', 'shell']",Shell*,IMI,"['.sh', '.bsh', '.zsh']"
72907253,"['java', 'html', 'css']",Java*_JS-CSS-HTML*,IMI_EBD,"['.java', '.html', '.js', '.css']"
9603240,"['html', 'css', 'javascript']",JS-CSS-HTML*,EBD,"['.html', '.js', '.css']"
24635156,"['typescript', 'css', 'javascript', 'html']",JS-CSS-HTML*_JavaScript*,IMI_EBD,"['.ts', '.js', '.html', '.html', '.js', '.css']"
12244426,"['javascript', 'html', 'css']",JS-CSS-HTML*,EBD,"['.html', '.js', '.css']"
32665718,"['typescript', 'html']",JavaScript*,IMI,"['.ts', '.js', '.html']"
1580851,"['javascript', 'html', 'css']",JS-CSS-HTML*,EBD,"['.html', '.js', '.css']"
33895378,"['javascript', 'html', 'css']",JS-CSS-HTML*,EBD,"['.html', '.js', '.css']"
18347476,"['html', 'shell', 'java']",Shell*,IMI,"['.sh', '.bsh', '.zsh']"
20965586,"['objective-c', 'ruby']",HIT*,HIT,['*']
34757182,"['python', 'c++']",HIT*,HIT,['*']
18511024,"['html', 'javascript', 'css']",JS-CSS-HTML*,EBD,"['.html', '.js', '.css']"
14807173,"['c', 'c++', 'ruby', 'shell']",Shell*_C-C++,FFI_IMI,"['.c', '.cpp', '.sh', '.bsh', '.zsh']"
133251103,"['go', 'shell']",Go*_Shell*,IMI,"['.go', '.sh', '.bsh', '.zsh']"
45942274,"['javascript', 'shell']",Shell*,IMI,"['.sh', '.bsh', '.zsh']"
8900723,"['go', 'javascript', 'html']",JS-CSS-HTML*_JavaScript*,IMI_EBD,"['.ts', '.js', '.html', '.html', '.js', '.css']"
29749635,"['python', 'css']",HIT*,HIT,['*']
3428345,"['html', 'javascript']",JavaScript*,IMI,"['.ts', '.js', '.html']"
37246537,"['javascript', 'html']",JS-CSS-HTML*,EBD,"['.html', '.js', '.css']"
51728141,"['javascript', 'css', 'html', 'shell']",JS-CSS-HTML*_JavaScript*_Shell*,IMI_EBD,"['.ts', '.js', '.html', '.sh', '.bsh', '.zsh', '.html', '.js', '.css']"
1413492,"['javascript', 'html', 'ruby', 'shell']",JS-CSS-HTML*_JavaScript*,IMI_EBD,"['.ts', '.js', '.html', '.html', '.js', '.css']"
15150300,"['css', 'html']",JS-CSS-HTML*,EBD,"['.html', '.js', '.css']"
22046023,"['javascript', 'css']",JS-CSS-HTML*,EBD,"['.html', '.js', '.css']"
18611173,"['javascript', 'typescript', 'css', 'html']",JS-CSS-HTML*_JavaScript*,IMI_EBD,"['.ts', '.js', '.html', '.html', '.js', '.css']"
24186761,"['java', 'html']",HIT*,HIT,['*']
6256729,"['javascript', 'css', 'html']",JS-CSS-HTML*_JavaScript*,IMI_EBD,"['.ts', '.js', '.html', '.html', '.js', '.css']"
21234201,"['javascript', 'html', 'css']",JS-CSS-HTML*_JavaScript*,IMI_EBD,"['.ts', '.js', '.html', '.html', '.js', '.css']"
59114705,"['javascript', 'html']",JS-CSS-HTML*,EBD,"['.html', '.js', '.css']"
27382163,"['css', 'javascript']",JavaScript*,IMI,"['.ts', '.js', '.html']"
69953445,"['java', 'css', 'javascript', 'html', 'shell']",Java*_JavaScript*_Shell*,IMI,"['.ts', '.js', '.html', '.java', '.sh', '.bsh', '.zsh']"
32726377,"['javascript', 'html']",JavaScript*,IMI,"['.ts', '.js', '.html']"
887025,"['javascript', 'css', 'html']",JS-CSS-HTML*_JavaScript*,IMI_EBD,"['.ts', '.js', '.html', '.html', '.js', '.css']"
12774825,"['css', 'html']",JS-CSS-HTML*,EBD,"['.html', '.js', '.css']"
6094683,"['javascript', 'html', 'css']",JS-CSS-HTML*_JavaScript*,IMI_EBD,"['.ts', '.js', '.html', '.html', '.js', '.css']"
8538132,"['css', 'javascript', 'html']",JS-CSS-HTML*_JavaScript*,IMI_EBD,"['.ts', '.js', '.html', '.html', '.js', '.css']"
5448530,"['css', 'javascript', 'html']",JS-CSS-HTML*,EBD,"['.html', '.js', '.css']"
43797718,"['javascript', 'html']",JavaScript*,IMI,"['.ts', '.js', '.html']"
10365411,"['javascript', 'css']",JavaScript*,IMI,"['.ts', '.js', '.html']"
1381283,"['html', 'shell', 'python', 'php', 'ruby', 'c', 'javascript', 'java']",JS-CSS-HTML*_Shell*,IMI_EBD,"['.sh', '.bsh', '.zsh', '.html', '.js', '.css']"
103645588,"['javascript', 'css', 'html']",JS-CSS-HTML*_JavaScript*,IMI_EBD,"['.ts', '.js', '.html', '.html', '.js', '.css']"
17066884,"['python', 'javascript', 'html', 'css']",Python*_JS-CSS-HTML*,IMI_EBD,"['.py', '.html', '.js', '.css']"
45147841,"['javascript', 'html', 'css', 'shell']",JS-CSS-HTML*_JavaScript*_Shell*,IMI_EBD,"['.ts', '.js', '.html', '.sh', '.bsh', '.zsh', '.html', '.js', '.css']"
151300862,"['python', 'shell']",Shell*,IMI,"['.sh', '.bsh', '.zsh']"
39013909,"['javascript', 'typescript']",JS-CSS-HTML*,EBD,"['.html', '.js', '.css']"
9690430,"['javascript', 'html']",JavaScript*,IMI,"['.ts', '.js', '.html']"
28513398,"['ruby', 'objective-c']",HIT*,HIT,['*']
40808571,"['go', 'typescript', 'css', 'javascript', 'html']",Go*_JavaScript*_C-Go,FFI_IMI,"['.go', '.ts', '.js', '.html', '.go']"
22607013,"['javascript', 'css', 'html']",JS-CSS-HTML*_JavaScript*,IMI_EBD,"['.ts', '.js', '.html', '.html', '.js', '.css']"
21265042,"['objective-c', 'ruby', 'shell', 'python', 'c++']",Shell*_C++-Objective-C,FFI_IMI,"['.mm', '.sh', '.bsh', '.zsh']"
51994692,"['javascript', 'html', 'shell', 'css']",JS-CSS-HTML*_JavaScript*_Shell*,IMI_EBD,"['.ts', '.js', '.html', '.sh', '.bsh', '.zsh', '.html', '.js', '.css']"
182097305,"['python', 'shell']",C-Python,FFI,"['.c', '.py']"
108395495,"['javascript', 'css']",JavaScript*,IMI,"['.ts', '.js', '.html']"
37829238,"['shell', 'python', 'css']",Shell*,IMI,"['.sh', '.bsh', '.zsh']"
70202506,"['go', 'shell', 'javascript', 'css']",Go*_C-Go_Shell*,FFI_IMI,"['.go', '.sh', '.bsh', '.zsh', '.go']"
42586612,"['python', 'shell', 'javascript']",JavaScript*_Shell*,IMI,"['.sh', '.bsh', '.zsh', '.ts', '.js', '.html']"
743723,"['javascript', 'shell']",JavaScript*_Shell*,IMI,"['.sh', '.bsh', '.zsh', '.ts', '.js', '.html']"
2336578,"['ruby', 'css', 'html', 'javascript', 'shell']",Ruby*_JS-CSS-HTML*_Shell*,IMI_EBD,"['.rb', '.sh', '.bsh', '.zsh', '.html', '.js', '.css']"
19757917,"['javascript', 'html']",JS-CSS-HTML*,EBD,"['.html', '.js', '.css']"
25095239,"['javascript', 'html', 'css']",JS-CSS-HTML*,EBD,"['.html', '.js', '.css']"
5344375,"['c++', 'objective-c', 'ruby', 'c', 'css', 'html', 'shell', 'javascript']",JavaScript*_C++-Objective-C_C-C++,FFI_IMI,"['.c', '.cpp', '.mm', '.ts', '.js', '.html']"
131789494,"['java', 'css', 'html', 'javascript']",Java*_JavaScript*_JS-CSS-HTML*,IMI_EBD,"['.ts', '.js', '.html', '.java', '.html', '.js', '.css']"
1365679,"['css', 'javascript', 'shell', 'python']",JS-CSS-HTML*_Shell*,IMI_EBD,"['.sh', '.bsh', '.zsh', '.html', '.js', '.css']"
17804584,"['java', 'javascript']",HIT*,HIT,['*']
7010724,"['java', 'c', 'css', 'python', 'c++', 'go', 'shell']",Java-C_Shell*_Java*_C-C++_C-Go,FFI_IMI,"['.c', '.cpp', '.java', '.c', '.go', '.java', '.sh', '.bsh', '.zsh']"
12512833,"['css', 'html', 'javascript']",JS-CSS-HTML*_JavaScript*,IMI_EBD,"['.ts', '.js', '.html', '.html', '.js', '.css']"
501326,"['javascript', 'html', 'shell']",JavaScript*_Shell*,IMI,"['.ts', '.js', '.html', '.sh', '.bsh', '.zsh']"
65866559,"['javascript', 'html', 'css']",JS-CSS-HTML*,EBD,"['.html', '.js', '.css']"
99234994,"['html', 'css', 'javascript']",JS-CSS-HTML*,EBD,"['.html', '.js', '.css']"
22282353,"['objective-c', 'ruby']",HIT*,HIT,['*']
71576450,"['c++', 'php', 'shell', 'python']",Shell*,IMI,"['.sh', '.bsh', '.zsh']"
93354260,"['javascript', 'python', 'css', 'html']",JS-CSS-HTML*_JavaScript*,IMI_EBD,"['.ts', '.js', '.html', '.html', '.js', '.css']"
81057842,"['java', 'html', 'css']",Java*_JavaScript*,IMI,"['.java', '.ts', '.js', '.html']"
198770415,"['javascript', 'python', 'php', 'c++', 'html', 'java', 'c', 'go', 'typescript', 'shell', 'ruby', 'css', 'objective-c']",Go*_Shell*_C-C++,FFI_IMI,"['.c', '.cpp', '.sh', '.bsh', '.zsh', '.go']"
768345,"['objective-c', 'javascript', 'c++']",HIT*,HIT,['*']
3744545,"['javascript', 'css', 'html']",JS-CSS-HTML*_JavaScript*,IMI_EBD,"['.ts', '.js', '.html', '.html', '.js', '.css']"
17575535,"['javascript', 'css', 'html']",JS-CSS-HTML*_JavaScript*,IMI_EBD,"['.ts', '.js', '.html', '.html', '.js', '.css']"
30003816,"['shell', 'ruby']",Shell*,IMI,"['.sh', '.bsh', '.zsh']"
14376285,"['objective-c', 'html', 'shell']",Shell*,IMI,"['.sh', '.bsh', '.zsh']"
13030144,"['javascript', 'html', 'css']",JS-CSS-HTML*_JavaScript*,IMI_EBD,"['.ts', '.js', '.html', '.html', '.js', '.css']"
37931301,"['javascript', 'css']",JavaScript*,IMI,"['.ts', '.js', '.html']"
5901900,"['java', 'html', 'shell']",HIT*,HIT,['*']
10219106,"['typescript', 'javascript', 'html', 'css']",JS-CSS-HTML*,EBD,"['.html', '.js', '.css']"
26195776,"['javascript', 'html']",JS-CSS-HTML*,EBD,"['.html', '.js', '.css']"
29703871,"['java', 'javascript', 'python', 'shell']",Java*_Python*_Shell*,IMI,"['.java', '.sh', '.bsh', '.zsh', '.py']"
58327877,"['javascript', 'go', 'shell', 'html', 'css', 'python']",JS-CSS-HTML*_JavaScript*_Shell*,IMI_EBD,"['.sh', '.bsh', '.zsh', '.ts', '.js', '.html', '.html', '.js', '.css']"
129860458,"['javascript', 'html', 'css']",JS-CSS-HTML*,EBD,"['.html', '.js', '.css']"
73929422,"['typescript', 'javascript', 'css', 'shell', 'html']",JS-CSS-HTML*_JavaScript*_Shell*,IMI_EBD,"['.sh', '.bsh', '.zsh', '.ts', '.js', '.html', '.html', '.js', '.css']"
76413186,"['java', 'html', 'javascript']",JS-CSS-HTML*_Java-C,FFI_EBD,"['.java', '.c', '.html', '.js', '.css']"
43640830,"['javascript', 'java', 'objective-c', 'c++', 'html', 'python', 'shell', 'c', 'ruby', 'css']",JavaScript*_Java-JavaScript_C++-Objective-C_Shell*_Java*_C++-JavaScript_C-C++_Java-C,FFI_IMI,"['.c', '.cpp', '.mm', '.java', '.c', '.cpp', '.cc', '.java', '.sh', '.bsh', '.zsh', '.ts', '.js', '.html', '.java']"
18405734,"['javascript', 'html', 'shell']",JavaScript*_Shell*,IMI,"['.ts', '.js', '.html', '.sh', '.bsh', '.zsh']"
38565895,"['javascript', 'html', 'shell', 'css']",JS-CSS-HTML*,EBD,"['.html', '.js', '.css']"
11133743,"['css', 'html', 'javascript']",JS-CSS-HTML*,EBD,"['.html', '.js', '.css']"
5101823,"['javascript', 'ruby', 'css', 'html']",Ruby*_JavaScript*_JS-CSS-HTML*,IMI_EBD,"['.ts', '.js', '.html', '.rb', '.html', '.js', '.css']"
4637221,"['python', 'shell', 'c']",Python*_C-Python_Shell*,FFI_IMI,"['.c', '.py', '.sh', '.bsh', '.zsh', '.py']"
96689748,"['javascript', 'html', 'css']",JS-CSS-HTML*_JavaScript*,IMI_EBD,"['.ts', '.js', '.html', '.html', '.js', '.css']"
36205608,"['objective-c', 'c', 'c++', 'javascript', 'ruby', 'php']",C-C++,FFI,"['.c', '.cpp']"
36674234,"['python', 'javascript', 'shell']",JavaScript*_Shell*,IMI,"['.ts', '.js', '.html', '.sh', '.bsh', '.zsh']"
3116751,"['java', 'shell']",Java-C,FFI,"['.java', '.c']"
51648174,"['objective-c', 'ruby']",HIT*,HIT,['*']
7544081,"['javascript', 'html', 'css']",JS-CSS-HTML*_JavaScript*,IMI_EBD,"['.ts', '.js', '.html', '.html', '.js', '.css']"
25201361,"['java', 'html', 'python']",Java-Python_Java-C,FFI,"['.java', '.c', '.py', '.java']"
801795,"['objective-c', 'ruby', 'c', 'shell']",Shell*,IMI,"['.sh', '.bsh', '.zsh']"
9795883,"['javascript', 'css', 'html', 'shell']",JS-CSS-HTML*_JavaScript*_Shell*,IMI_EBD,"['.ts', '.js', '.html', '.sh', '.bsh', '.zsh', '.html', '.js', '.css']"
15464772,"['css', 'html', 'javascript']",JS-CSS-HTML*_JavaScript*,IMI_EBD,"['.ts', '.js', '.html', '.html', '.js', '.css']"
25804514,"['go', 'javascript', 'html', 'python', 'shell', 'css']",Go*_JavaScript*_Java-C_Shell*_C-Go,FFI_IMI,"['.java', '.c', '.go', '.sh', '.bsh', '.zsh', '.go', '.ts', '.js', '.html']"
107258,"['python', 'shell']",Shell*,IMI,"['.sh', '.bsh', '.zsh']"
22765472,"['html', 'css', 'javascript']",JS-CSS-HTML*,EBD,"['.html', '.js', '.css']"
55763295,"['javascript', 'html', 'css']",JS-CSS-HTML*,EBD,"['.html', '.js', '.css']"
5880912,"['javascript', 'html', 'css', 'shell']",JS-CSS-HTML*_JavaScript*_Shell*,IMI_EBD,"['.sh', '.bsh', '.zsh', '.ts', '.js', '.html', '.html', '.js', '.css']"
11205780,"['javascript', 'typescript']",JavaScript*,IMI,"['.ts', '.js', '.html']"
1274749,"['javascript', 'html', 'php']",JS-CSS-HTML*_JavaScript*,IMI_EBD,"['.ts', '.js', '.html', '.html', '.js', '.css']"
44869078,"['javascript', 'html']",JS-CSS-HTML*,EBD,"['.html', '.js', '.css']"
68068967,"['go', 'python']",Go*,IMI,['.go']
61527215,"['javascript', 'html', 'css']",JS-CSS-HTML*_JavaScript*,IMI_EBD,"['.ts', '.js', '.html', '.html', '.js', '.css']"
48296,"['javascript', 'html']",JS-CSS-HTML*,EBD,"['.html', '.js', '.css']"
40380094,"['python', 'html', 'css']",JS-CSS-HTML*,EBD,"['.html', '.js', '.css']"
585285,"['ruby', 'javascript', 'html', 'shell']",JS-CSS-HTML*_JavaScript*_Shell*,IMI_EBD,"['.sh', '.bsh', '.zsh', '.ts', '.js', '.html', '.html', '.js', '.css']"
381979,"['javascript', 'typescript', 'html', 'css', 'shell']",JS-CSS-HTML*_JavaScript*_Shell*,IMI_EBD,"['.ts', '.js', '.html', '.sh', '.bsh', '.zsh', '.html', '.js', '.css']"
31829770,"['javascript', 'typescript', 'html', 'css']",JS-CSS-HTML*_JavaScript*,IMI_EBD,"['.ts', '.js', '.html', '.html', '.js', '.css']"
508845,"['objective-c', 'ruby', 'c', 'shell']",C++-Objective-C,FFI,['.mm']
12779699,"['javascript', 'java', 'css', 'html', 'shell']",JS-CSS-HTML*_JavaScript*_Shell*,IMI_EBD,"['.ts', '.js', '.html', '.sh', '.bsh', '.zsh', '.html', '.js', '.css']"
75701562,"['python', 'shell']",Shell*,IMI,"['.sh', '.bsh', '.zsh']"
121539858,"['python', 'shell']",Shell*,IMI,"['.sh', '.bsh', '.zsh']"
51199322,"['java', 'html']",Java-JavaScript,FFI,['.java']
3502120,"['javascript', 'html', 'css']",JS-CSS-HTML*_JavaScript*,IMI_EBD,"['.ts', '.js', '.html', '.html', '.js', '.css']"
90786246,"['typescript', 'html', 'css']",JS-CSS-HTML*,EBD,"['.html', '.js', '.css']"
77073851,"['go', 'python']",C-Python,FFI,"['.c', '.py']"
907410,"['javascript', 'html', 'css', 'php']",JS-CSS-HTML*_JavaScript*,IMI_EBD,"['.ts', '.js', '.html', '.html', '.js', '.css']"
15642233,"['javascript', 'html', 'css']",JS-CSS-HTML*_JavaScript*,IMI_EBD,"['.ts', '.js', '.html', '.html', '.js', '.css']"
69739040,"['python', 'shell']",Shell*,IMI,"['.sh', '.bsh', '.zsh']"
141745951,"['javascript', 'css', 'html']",JS-CSS-HTML*_JavaScript*,IMI_EBD,"['.ts', '.js', '.html', '.html', '.js', '.css']"
16630332,"['javascript', 'typescript', 'html']",JS-CSS-HTML*_JavaScript*,IMI_EBD,"['.ts', '.js', '.html', '.html', '.js', '.css']"
648414,"['javascript', 'html']",JavaScript*,IMI,"['.ts', '.js', '.html']"
757363,"['javascript', 'typescript', 'css', 'html']",JS-CSS-HTML*_JavaScript*,IMI_EBD,"['.ts', '.js', '.html', '.html', '.js', '.css']"
1358497,"['javascript', 'html', 'css']",JS-CSS-HTML*_JavaScript*,IMI_EBD,"['.ts', '.js', '.html', '.html', '.js', '.css']"
3516624,"['c', 'shell', 'python', 'c++']",Python*_Shell*_C-C++,FFI_IMI,"['.c', '.cpp', '.sh', '.bsh', '.zsh', '.py']"
14106970,"['css', 'html']",JS-CSS-HTML*,EBD,"['.html', '.js', '.css']"
12785292,"['javascript', 'css']",JS-CSS-HTML*,EBD,"['.html', '.js', '.css']"
3022431,"['javascript', 'html', 'css', 'ruby', 'shell']",JS-CSS-HTML*_JavaScript*_Shell*,IMI_EBD,"['.ts', '.js', '.html', '.sh', '.bsh', '.zsh', '.html', '.js', '.css']"
3766706,"['java', 'shell']",HIT*,HIT,['*']
2349728,"['java', 'css', 'javascript', 'html']",JS-CSS-HTML*_JavaScript*_Java-JavaScript,FFI_IMI_EBD,"['.java', '.ts', '.js', '.html', '.html', '.js', '.css']"
30245748,"['go', 'python']",HIT*,HIT,['*']
5476048,"['javascript', 'html', 'css']",JS-CSS-HTML*_JavaScript*,IMI_EBD,"['.ts', '.js', '.html', '.html', '.js', '.css']"
86721514,"['python', 'shell']",Shell*,IMI,"['.sh', '.bsh', '.zsh']"
23929024,"['shell', 'go', 'python', 'c']",Python*_Shell*,IMI,"['.sh', '.bsh', '.zsh', '.py']"
36267537,"['javascript', 'css', 'html']",JS-CSS-HTML*,EBD,"['.html', '.js', '.css']"
48600412,"['javascript', 'html', 'shell']",JavaScript*_Shell*,IMI,"['.sh', '.bsh', '.zsh', '.ts', '.js', '.html']"
85816528,"['javascript', 'html']",JavaScript*,IMI,"['.ts', '.js', '.html']"
53228513,"['python', 'shell']",Shell*,IMI,"['.sh', '.bsh', '.zsh']"
32775739,"['java', 'shell']",HIT*,HIT,['*']
48427914,"['java', 'shell']",Java*_Shell*,IMI,"['.sh', '.bsh', '.zsh', '.java']"
30907774,"['c++', 'python', 'c', 'java', 'html', 'shell', 'objective-c']",Python*_Shell*_Java-C_C-C++,FFI_IMI,"['.c', '.cpp', '.java', '.c', '.sh', '.bsh', '.zsh', '.py']"
14259343,"['c++', 'c', 'java', 'python', 'objective-c', 'shell', 'go']",C-Python_Java-C_Shell*_C-C++_C-Go,FFI_IMI,"['.c', '.cpp', '.java', '.c', '.c', '.py', '.go', '.sh', '.bsh', '.zsh']"
15505458,"['javascript', 'html', 'css']",JS-CSS-HTML*_JavaScript*,IMI_EBD,"['.ts', '.js', '.html', '.html', '.js', '.css']"
19448700,"['javascript', 'css', 'go', 'html', 'shell']",JS-CSS-HTML*_JavaScript*_Shell*,IMI_EBD,"['.ts', '.js', '.html', '.sh', '.bsh', '.zsh', '.html', '.js', '.css']"
24628923,"['java', 'html', 'css', 'javascript']",JS-CSS-HTML*,EBD,"['.html', '.js', '.css']"
13622189,"['javascript', 'shell', 'html', 'css', 'python', 'go', 'php']",JS-CSS-HTML*_JavaScript*_Shell*,IMI_EBD,"['.ts', '.js', '.html', '.sh', '.bsh', '.zsh', '.html', '.js', '.css']"
86132832,"['shell', 'python']",Shell*,IMI,"['.sh', '.bsh', '.zsh']"
47925804,"['javascript', 'css', 'html']",JS-CSS-HTML*_JavaScript*,IMI_EBD,"['.ts', '.js', '.html', '.html', '.js', '.css']"
1963063,"['javascript', 'css', 'html']",JS-CSS-HTML*_JavaScript*,IMI_EBD,"['.ts', '.js', '.html', '.html', '.js', '.css']"
112717963,"['java', 'c++', 'c', 'python']",Java*_Java-C_C-C++,FFI_IMI,"['.c', '.cpp', '.java', '.c', '.java']"
39452201,"['objective-c', 'ruby', 'shell']",Shell*,IMI,"['.sh', '.bsh', '.zsh']"
20275545,"['java', 'shell']",Shell*,IMI,"['.sh', '.bsh', '.zsh']"
36353527,"['javascript', 'typescript', 'css', 'html']",JS-CSS-HTML*_JavaScript*,IMI_EBD,"['.ts', '.js', '.html', '.html', '.js', '.css']"
7855340,"['javascript', 'shell']",JavaScript*,IMI,"['.ts', '.js', '.html']"
4534540,"['javascript', 'html']",JavaScript*,IMI,"['.ts', '.js', '.html']"
141910081,"['javascript', 'html', 'css']",JS-CSS-HTML*,EBD,"['.html', '.js', '.css']"
40693501,"['javascript', 'html', 'css']",JS-CSS-HTML*_JavaScript*,IMI_EBD,"['.ts', '.js', '.html', '.html', '.js', '.css']"
68619759,"['css', 'javascript', 'html']",JS-CSS-HTML*_JavaScript*,IMI_EBD,"['.ts', '.js', '.html', '.html', '.js', '.css']"
9526392,"['javascript', 'html', 'css']",JS-CSS-HTML*,EBD,"['.html', '.js', '.css']"
43076202,"['javascript', 'html', 'css']",JS-CSS-HTML*_JavaScript*,IMI_EBD,"['.ts', '.js', '.html', '.html', '.js', '.css']"
113402414,"['javascript', 'typescript', 'html', 'shell']",JS-CSS-HTML*_JavaScript*,IMI_EBD,"['.ts', '.js', '.html', '.html', '.js', '.css']"
275604,"['ruby', 'html', 'css', 'javascript']",Ruby*_JavaScript*_JS-CSS-HTML*,IMI_EBD,"['.rb', '.ts', '.js', '.html', '.html', '.js', '.css']"
63832089,"['python', 'shell']",Shell*,IMI,"['.sh', '.bsh', '.zsh']"
15367575,"['html', 'css', 'javascript']",JS-CSS-HTML*,EBD,"['.html', '.js', '.css']"
142422739,"['python', 'html']",HIT*,HIT,['*']
42237038,"['javascript', 'shell']",JavaScript*_Shell*,IMI,"['.ts', '.js', '.html', '.sh', '.bsh', '.zsh']"
5297437,"['html', 'c++', 'javascript', 'python', 'c', 'css', 'shell']",Python*_Shell*_C-C++,FFI_IMI,"['.c', '.cpp', '.py', '.sh', '.bsh', '.zsh']"
99127696,"['typescript', 'javascript', 'html', 'shell', 'c++', 'python']",JS-CSS-HTML*_JavaScript*_Shell*,IMI_EBD,"['.ts', '.js', '.html', '.sh', '.bsh', '.zsh', '.html', '.js', '.css']"
44111975,"['javascript', 'css', 'typescript']",JS-CSS-HTML*,EBD,"['.html', '.js', '.css']"
13753838,"['css', 'javascript', 'html']",JS-CSS-HTML*,EBD,"['.html', '.js', '.css']"
16096681,"['javascript', 'css', 'html']",JS-CSS-HTML*_JavaScript*,IMI_EBD,"['.ts', '.js', '.html', '.html', '.js', '.css']"
13677187,"['c', 'c++']",C-C++,FFI,"['.c', '.cpp']"
34798315,"['javascript', 'css', 'html']",JS-CSS-HTML*,EBD,"['.html', '.js', '.css']"
56728437,"['php', 'javascript', 'css', 'html', 'java', 'shell', 'python', 'ruby']",PHP*_JavaScript*_Shell*,IMI,"['.ts', '.js', '.html', '.php', '.sh', '.bsh', '.zsh']"
5594766,"['go', 'shell']",Go*,IMI,['.go']
4697273,"['javascript', 'html']",JavaScript*,IMI,"['.ts', '.js', '.html']"
46383222,"['ruby', 'objective-c', 'shell']",Shell*,IMI,"['.sh', '.bsh', '.zsh']"
2688455,"['javascript', 'html', 'css']",JS-CSS-HTML*,EBD,"['.html', '.js', '.css']"
13395052,"['javascript', 'css', 'html']",JS-CSS-HTML*_JavaScript*,IMI_EBD,"['.ts', '.js', '.html', '.html', '.js', '.css']"
45612129,"['objective-c', 'ruby']",HIT*,HIT,['*']
24993138,"['c', 'java', 'javascript', 'python', 'c++', 'objective-c', 'shell', 'go']",Shell*_C-Go_Java-C_C-C++,FFI_IMI,"['.c', '.cpp', '.java', '.c', '.go', '.sh', '.bsh', '.zsh']"
747512,"['java', 'html', 'shell']",Java-C_Shell*,FFI_IMI,"['.java', '.c', '.sh', '.bsh', '.zsh']"
46891997,"['javascript', 'css', 'html', 'python', 'shell', 'ruby']",JS-CSS-HTML*_JavaScript*_Shell*,IMI_EBD,"['.ts', '.js', '.html', '.sh', '.bsh', '.zsh', '.html', '.js', '.css']"
2269353,"['javascript', 'html', 'css']",JS-CSS-HTML*_JavaScript*,IMI_EBD,"['.ts', '.js', '.html', '.html', '.js', '.css']"
21299916,"['javascript', 'html', 'css']",JS-CSS-HTML*_JavaScript*,IMI_EBD,"['.ts', '.js', '.html', '.html', '.js', '.css']"
839076,"['javascript', 'css']",JavaScript*,IMI,"['.ts', '.js', '.html']"
90961634,"['c', 'c++', 'java', 'objective-c', 'shell', 'ruby']",Shell*_Java-C_C++-Objective-C_C-C++,FFI_IMI,"['.c', '.cpp', '.java', '.c', '.mm', '.sh', '.bsh', '.zsh']"
117360777,"['javascript', 'css', 'html', 'java']",JS-CSS-HTML*_JavaScript*,IMI_EBD,"['.ts', '.js', '.html', '.html', '.js', '.css']"
17065530,"['python', 'objective-c', 'c', 'c++']",Python*_C++-Objective-C_C-C++,FFI_IMI,"['.c', '.cpp', '.mm', '.py']"
7905539,"['java', 'c']",Java-C,FFI,"['.java', '.c']"
2677676,"['python', 'javascript', 'html', 'css', 'shell', 'ruby']",Python*_JavaScript*_C-Python_Shell*,FFI_IMI,"['.c', '.py', '.py', '.sh', '.bsh', '.zsh', '.ts', '.js', '.html']"
21486287,"['typescript', 'javascript']",JavaScript*,IMI,"['.ts', '.js', '.html']"
11621778,"['javascript', 'shell', 'html']",JavaScript*_Shell*,IMI,"['.sh', '.bsh', '.zsh', '.ts', '.js', '.html']"
21108956,"['javascript', 'css', 'html', 'shell', 'python']",JS-CSS-HTML*_JavaScript*_Shell*,IMI_EBD,"['.ts', '.js', '.html', '.sh', '.bsh', '.zsh', '.html', '.js', '.css']"
48301282,"['go', 'javascript', 'shell', 'java', 'python', 'ruby']",Shell*,IMI,"['.sh', '.bsh', '.zsh']"
5552858,"['go', 'shell', 'javascript']",Shell*,IMI,"['.sh', '.bsh', '.zsh']"
7338354,"['objective-c', 'c', 'c++', 'python', 'shell', 'html']",C-C++,FFI,"['.c', '.cpp']"
128658421,"['javascript', 'typescript']",JS-CSS-HTML*,EBD,"['.html', '.js', '.css']"
71297170,"['go', 'shell']",C-Go,FFI,['.go']
9467421,"['javascript', 'html', 'css']",JS-CSS-HTML*_JavaScript*,IMI_EBD,"['.ts', '.js', '.html', '.html', '.js', '.css']"
29518121,"['c++', 'objective-c', 'java']",C++-Objective-C,FFI,['.mm']
33082868,"['java', 'css', 'javascript', 'html', 'shell']",JS-CSS-HTML*_JavaScript*_Shell*,IMI_EBD,"['.sh', '.bsh', '.zsh', '.ts', '.js', '.html', '.html', '.js', '.css']"
6683352,"['javascript', 'html', 'css', 'php', 'typescript']",JS-CSS-HTML*_JavaScript*,IMI_EBD,"['.ts', '.js', '.html', '.html', '.js', '.css']"
41233920,"['java', 'shell']",Java-C,FFI,"['.java', '.c']"
7379964,"['css', 'html', 'javascript']",JS-CSS-HTML*,EBD,"['.html', '.js', '.css']"
103126070,"['go', 'shell']",Shell*,IMI,"['.sh', '.bsh', '.zsh']"
6580000,"['c++', 'shell', 'javascript', 'python', 'c', 'html']",Python*_Shell*_Java-C_C-C++,FFI_IMI,"['.c', '.cpp', '.java', '.c', '.py', '.sh', '.bsh', '.zsh']"
44402056,"['html', 'javascript', 'css', 'shell']",JS-CSS-HTML*_JavaScript*_Shell*,IMI_EBD,"['.sh', '.bsh', '.zsh', '.ts', '.js', '.html', '.html', '.js', '.css']"
9385519,"['javascript', 'shell']",Shell*,IMI,"['.sh', '.bsh', '.zsh']"
19919669,"['javascript', 'css', 'html']",JS-CSS-HTML*,EBD,"['.html', '.js', '.css']"
2823326,"['python', 'shell']",Python*_Shell*,IMI,"['.py', '.sh', '.bsh', '.zsh']"
16977232,"['javascript', 'css']",JS-CSS-HTML*,EBD,"['.html', '.js', '.css']"
95750391,"['java', 'shell']",Java-C,FFI,"['.java', '.c']"
88703315,"['java', 'html']",HIT*,HIT,['*']
63571529,"['javascript', 'shell']",JavaScript*_Shell*,IMI,"['.sh', '.bsh', '.zsh', '.ts', '.js', '.html']"
6714787,"['javascript', 'css', 'html']",JS-CSS-HTML*_JavaScript*,IMI_EBD,"['.ts', '.js', '.html', '.html', '.js', '.css']"
156648725,"['python', 'c', 'c++', 'shell', 'javascript', 'html', 'java', 'php', 'go', 'ruby']",JS-CSS-HTML*_Shell*_C-C++,FFI_IMI_EBD,"['.c', '.cpp', '.sh', '.bsh', '.zsh', '.html', '.js', '.css']"
93205465,"['c', 'c++', 'objective-c', 'python', 'html', 'shell']",C-Python_Shell*_C-C++_Python*_Java-C,FFI_IMI,"['.c', '.cpp', '.java', '.c', '.c', '.py', '.sh', '.bsh', '.zsh', '.py']"
12228746,"['python', 'php', 'shell']",Python*_Shell*,IMI,"['.py', '.sh', '.bsh', '.zsh']"
55058317,"['python', 'shell']",Python*_Shell*,IMI,"['.py', '.sh', '.bsh', '.zsh']"
9330072,"['c', 'python', 'c++']",Java-C_C-C++,FFI,"['.c', '.cpp', '.java', '.c']"
14329321,"['shell', 'python']",Shell*,IMI,"['.sh', '.bsh', '.zsh']"
101109137,"['javascript', 'html']",JS-CSS-HTML*,EBD,"['.html', '.js', '.css']"
12484808,"['python', 'javascript', 'html', 'css', 'shell']",JS-CSS-HTML*_JavaScript*,IMI_EBD,"['.ts', '.js', '.html', '.html', '.js', '.css']"
50213667,"['javascript', 'html', 'typescript', 'shell', 'css']",JS-CSS-HTML*_JavaScript*_Shell*,IMI_EBD,"['.sh', '.bsh', '.zsh', '.ts', '.js', '.html', '.html', '.js', '.css']"
3693021,"['javascript', 'css', 'html', 'shell']",JS-CSS-HTML*_JavaScript*,IMI_EBD,"['.ts', '.js', '.html', '.html', '.js', '.css']"
303762,"['c++', 'python', 'c', 'shell']",Shell*_C-C++,FFI_IMI,"['.c', '.cpp', '.sh', '.bsh', '.zsh']"
17982061,"['python', 'html', 'javascript', 'css', 'shell']",Python*_JavaScript*_Shell*,IMI,"['.py', '.sh', '.bsh', '.zsh', '.ts', '.js', '.html']"
34222505,"['objective-c', 'shell', 'ruby', 'c']",Shell*,IMI,"['.sh', '.bsh', '.zsh']"
94949504,"['go', 'shell', 'javascript']",Shell*,IMI,"['.sh', '.bsh', '.zsh']"
1280658,"['javascript', 'html', 'css']",JS-CSS-HTML*_JavaScript*,IMI_EBD,"['.ts', '.js', '.html', '.html', '.js', '.css']"
5334951,"['html', 'javascript', 'css']",JS-CSS-HTML*_JavaScript*,IMI_EBD,"['.ts', '.js', '.html', '.html', '.js', '.css']"
8418302,"['css', 'html', 'javascript']",JS-CSS-HTML*_JavaScript*,IMI_EBD,"['.ts', '.js', '.html', '.html', '.js', '.css']"
31365325,"['java', 'javascript', 'html']",JS-CSS-HTML*_Java-JavaScript,FFI_EBD,"['.java', '.html', '.js', '.css']"
73968389,"['python', 'shell']",Shell*,IMI,"['.sh', '.bsh', '.zsh']"
45363955,"['java', 'c', 'javascript', 'php', 'python', 'go', 'shell']",Shell*,IMI,"['.sh', '.bsh', '.zsh']"
37743219,"['javascript', 'css']",JavaScript*,IMI,"['.ts', '.js', '.html']"
1787090,"['objective-c', 'javascript', 'ruby', 'c']",HIT*,HIT,['*']
14224695,"['objective-c', 'c', 'shell', 'html']",Shell*,IMI,"['.sh', '.bsh', '.zsh']"
21109196,"['objective-c', 'ruby', 'c']",HIT*,HIT,['*']
51308720,"['shell', 'html', 'css', 'ruby', 'objective-c']",JS-CSS-HTML*_Shell*,IMI_EBD,"['.sh', '.bsh', '.zsh', '.html', '.js', '.css']"
5894096,"['html', 'css']",JS-CSS-HTML*,EBD,"['.html', '.js', '.css']"
16930617,"['go', 'c', 'c++']",C-Go_C-C++,FFI,"['.go', '.c', '.cpp']"
68627122,"['html', 'javascript', 'css', 'shell']",JS-CSS-HTML*_JavaScript*_Shell*,IMI_EBD,"['.sh', '.bsh', '.zsh', '.ts', '.js', '.html', '.html', '.js', '.css']"
38710819,"['php', 'shell']",Shell*,IMI,"['.sh', '.bsh', '.zsh']"
119693982,"['javascript', 'typescript', 'html']",JS-CSS-HTML*,EBD,"['.html', '.js', '.css']"
7680774,"['javascript', 'html', 'java', 'css', 'php']",JS-CSS-HTML*_JavaScript*,IMI_EBD,"['.ts', '.js', '.html', '.html', '.js', '.css']"
19353482,"['javascript', 'html']",JS-CSS-HTML*,EBD,"['.html', '.js', '.css']"
125600395,"['java', 'html']",HIT*,HIT,['*']
11893084,"['javascript', 'c++', 'html', 'css', 'php', 'c', 'objective-c', 'ruby']",JS-CSS-HTML*_JavaScript*_C-C++,FFI_IMI_EBD,"['.c', '.cpp', '.ts', '.js', '.html', '.html', '.js', '.css']"
5279091,"['java', 'html', 'css', 'shell']",JS-CSS-HTML*_Shell*,IMI_EBD,"['.sh', '.bsh', '.zsh', '.html', '.js', '.css']"
691146,"['javascript', 'css', 'html', 'shell']",JS-CSS-HTML*_JavaScript*,IMI_EBD,"['.ts', '.js', '.html', '.html', '.js', '.css']"
2965621,"['javascript', 'html']",JS-CSS-HTML*,EBD,"['.html', '.js', '.css']"
21190654,"['ruby', 'objective-c']",HIT*,HIT,['*']
32313383,"['java', 'shell']",Shell*,IMI,"['.sh', '.bsh', '.zsh']"
155437620,"['typescript', 'javascript', 'css', 'html']",JS-CSS-HTML*,EBD,"['.html', '.js', '.css']"
24306221,"['javascript', 'html', 'shell', 'css']",JS-CSS-HTML*_JavaScript*_Shell*,IMI_EBD,"['.sh', '.bsh', '.zsh', '.ts', '.js', '.html', '.html', '.js', '.css']"
2536697,"['javascript', 'css', 'html']",JS-CSS-HTML*,EBD,"['.html', '.js', '.css']"
36778364,"['go', 'python', 'javascript', 'shell']",Ruby-Go_Go*_Shell*,FFI_IMI,"['.go', '.sh', '.bsh', '.zsh', '.go']"
48953775,"['javascript', 'css', 'html', 'java', 'python', 'go', 'typescript', 'shell']",Go*_JavaScript*_Shell*,IMI,"['.sh', '.bsh', '.zsh', '.go', '.ts', '.js', '.html']"
13234786,"['objective-c', 'ruby']",HIT*,HIT,['*']
49760504,"['python', 'shell']",Python*,IMI,['.py']
28801013,"['html', 'css', 'javascript']",JS-CSS-HTML*_JavaScript*,IMI_EBD,"['.ts', '.js', '.html', '.html', '.js', '.css']"
20940824,"['ruby', 'objective-c']",HIT*,HIT,['*']
53982546,"['javascript', 'python', 'css', 'html']",JS-CSS-HTML*_JavaScript*,IMI_EBD,"['.ts', '.js', '.html', '.html', '.js', '.css']"
6709682,"['javascript', 'html', 'css']",JS-CSS-HTML*,EBD,"['.html', '.js', '.css']"
3159966,"['html', 'css', 'javascript', 'ruby']",JS-CSS-HTML*_JavaScript*,IMI_EBD,"['.ts', '.js', '.html', '.html', '.js', '.css']"
15452925,"['go', 'c++', 'c', 'python', 'shell']",Go*_Shell*_C-Go_C-C++,FFI_IMI,"['.c', '.cpp', '.go', '.sh', '.bsh', '.zsh', '.go']"
173796,"['javascript', 'html']",JS-CSS-HTML*,EBD,"['.html', '.js', '.css']"
9639981,"['objective-c', 'shell', 'python', 'c++', 'c', 'ruby']",Shell*_C++-Objective-C_C-C++,FFI_IMI,"['.c', '.cpp', '.mm', '.sh', '.bsh', '.zsh']"
17908165,"['objective-c', 'ruby', 'shell']",Shell*,IMI,"['.sh', '.bsh', '.zsh']"
65593050,"['python', 'shell']",Shell*,IMI,"['.sh', '.bsh', '.zsh']"
73927383,"['java', 'javascript', 'html', 'css']",Java*_JavaScript*_JS-CSS-HTML*,IMI_EBD,"['.java', '.ts', '.js', '.html', '.html', '.js', '.css']"
15046172,"['javascript', 'html']",JS-CSS-HTML*,EBD,"['.html', '.js', '.css']"
122614397,"['javascript', 'typescript', 'shell']",JavaScript*_Shell*,IMI,"['.ts', '.js', '.html', '.sh', '.bsh', '.zsh']"
1834386,"['javascript', 'html']",JS-CSS-HTML*,EBD,"['.html', '.js', '.css']"
73007219,"['objective-c', 'c', 'ruby', 'css', 'javascript', 'html']",JS-CSS-HTML*_JavaScript*,IMI_EBD,"['.ts', '.js', '.html', '.html', '.js', '.css']"
12631084,"['css', 'javascript', 'html']",JS-CSS-HTML*_JavaScript*,IMI_EBD,"['.ts', '.js', '.html', '.html', '.js', '.css']"
9914221,"['objective-c', 'ruby']",HIT*,HIT,['*']
1903338,"['javascript', 'css', 'shell', 'html']",JS-CSS-HTML*_JavaScript*_Shell*,IMI_EBD,"['.ts', '.js', '.html', '.sh', '.bsh', '.zsh', '.html', '.js', '.css']"
27844645,"['css', 'python', 'html', 'javascript']",JS-CSS-HTML*,EBD,"['.html', '.js', '.css']"
2960985,"['javascript', 'html']",JavaScript*,IMI,"['.ts', '.js', '.html']"
40092232,"['objective-c', 'shell', 'ruby']",HIT*,HIT,['*']
56897766,"['python', 'html', 'shell', 'c']",Python*_C-Python_Shell*,FFI_IMI,"['.c', '.py', '.py', '.sh', '.bsh', '.zsh']"
2525502,"['javascript', 'html', 'css']",JS-CSS-HTML*_JavaScript*,IMI_EBD,"['.ts', '.js', '.html', '.html', '.js', '.css']"
12495928,"['javascript', 'css', 'html']",JS-CSS-HTML*,EBD,"['.html', '.js', '.css']"
175176201,"['javascript', 'html']",JS-CSS-HTML*,EBD,"['.html', '.js', '.css']"
15115183,"['html', 'shell', 'javascript']",JS-CSS-HTML*,EBD,"['.html', '.js', '.css']"
6072443,"['java', 'c', 'python']",Java-C,FFI,"['.java', '.c']"
53171300,"['go', 'shell']",Go*_Shell*,IMI,"['.go', '.sh', '.bsh', '.zsh']"
30987756,"['javascript', 'html', 'css']",JS-CSS-HTML*_JavaScript*,IMI_EBD,"['.ts', '.js', '.html', '.html', '.js', '.css']"
198441611,"['javascript', 'go', 'typescript', 'css', 'html', 'python', 'shell']",JS-CSS-HTML*_JavaScript*_Shell*,IMI_EBD,"['.sh', '.bsh', '.zsh', '.ts', '.js', '.html', '.html', '.js', '.css']"
34629330,"['javascript', 'css']",JS-CSS-HTML*,EBD,"['.html', '.js', '.css']"
6486840,"['go', 'shell']",Shell*,IMI,"['.sh', '.bsh', '.zsh']"
1944156,"['javascript', 'html', 'shell', 'css']",JS-CSS-HTML*_JavaScript*_Shell*,IMI_EBD,"['.ts', '.js', '.html', '.sh', '.bsh', '.zsh', '.html', '.js', '.css']"
24530655,"['javascript', 'typescript']",JS-CSS-HTML*,EBD,"['.html', '.js', '.css']"
24293205,"['ruby', 'objective-c']",HIT*,HIT,['*']
7066560,"['ruby', 'html']",HIT*,HIT,['*']
2715671,"['javascript', 'css']",JS-CSS-HTML*,EBD,"['.html', '.js', '.css']"
95309503,"['css', 'html']",JS-CSS-HTML*,EBD,"['.html', '.js', '.css']"
88254582,"['shell', 'go']",C-Python_Java-C,FFI,"['.java', '.c', '.c', '.py']"
43175432,"['python', 'c', 'shell', 'c++']",Python*_Shell*_C-C++,FFI_IMI,"['.c', '.cpp', '.sh', '.bsh', '.zsh', '.py']"
9155431,"['c++', 'python', 'c', 'go']",C-C++,FFI,"['.c', '.cpp']"
7009393,"['javascript', 'css', 'html', 'python', 'shell']",JS-CSS-HTML*_JavaScript*_Shell*,IMI_EBD,"['.ts', '.js', '.html', '.sh', '.bsh', '.zsh', '.html', '.js', '.css']"
5351666,"['javascript', 'html', 'python']",JS-CSS-HTML*_JavaScript*,IMI_EBD,"['.ts', '.js', '.html', '.html', '.js', '.css']"
44050066,"['java', 'shell']",Shell*,IMI,"['.sh', '.bsh', '.zsh']"
82436691,"['php', 'html', 'css']",JS-CSS-HTML*,EBD,"['.html', '.js', '.css']"
16957000,"['c', 'c++', 'python', 'php', 'objective-c', 'shell']",Python*_Shell*_Java-C_C-C++,FFI_IMI,"['.c', '.cpp', '.java', '.c', '.sh', '.bsh', '.zsh', '.py']"
33323837,"['python', 'shell', 'html']",Shell*,IMI,"['.sh', '.bsh', '.zsh']"
81583227,"['shell', 'c']",Shell*,IMI,"['.sh', '.bsh', '.zsh']"
2798959,"['ruby', 'shell']",Shell*,IMI,"['.sh', '.bsh', '.zsh']"
2592600,"['html', 'ruby', 'javascript', 'css']",JS-CSS-HTML*,EBD,"['.html', '.js', '.css']"
47799229,"['javascript', 'python', 'html', 'css']",JS-CSS-HTML*,EBD,"['.html', '.js', '.css']"
62500776,"['javascript', 'css', 'html']",JS-CSS-HTML*,EBD,"['.html', '.js', '.css']"
2616595,"['javascript', 'html', 'css']",JS-CSS-HTML*,EBD,"['.html', '.js', '.css']"
175366155,"['python', 'html', 'javascript', 'css']",JS-CSS-HTML*,EBD,"['.html', '.js', '.css']"
6761380,"['javascript', 'css', 'html']",JS-CSS-HTML*_JavaScript*,IMI_EBD,"['.ts', '.js', '.html', '.html', '.js', '.css']"
60266911,"['c', 'javascript', 'html', 'c++', 'css', 'objective-c', 'python']",JS-CSS-HTML*_JavaScript*_C-C++,FFI_IMI_EBD,"['.c', '.cpp', '.ts', '.js', '.html', '.html', '.js', '.css']"
28405578,"['c', 'shell', 'c++', 'objective-c', 'java']",Shell*_Java-C_C-C++,FFI_IMI,"['.c', '.cpp', '.java', '.c', '.sh', '.bsh', '.zsh']"
10652377,"['css', 'javascript']",JS-CSS-HTML*,EBD,"['.html', '.js', '.css']"
135270285,"['java', 'shell', 'html']",Java*_Shell*,IMI,"['.sh', '.bsh', '.zsh', '.java']"
20723841,"['javascript', 'html', 'css']",JS-CSS-HTML*_JavaScript*,IMI_EBD,"['.ts', '.js', '.html', '.html', '.js', '.css']"
41482296,"['java', 'c++', 'c']",Java-C_C-C++,FFI,"['.c', '.cpp', '.java', '.c']"
170777132,"['python', 'shell']",Shell*,IMI,"['.sh', '.bsh', '.zsh']"
28266028,"['objective-c', 'ruby']",HIT*,HIT,['*']
4471940,"['objective-c', 'java', 'shell', 'c']",Java*_Shell*_C++-Objective-C,FFI_IMI,"['.mm', '.java', '.sh', '.bsh', '.zsh']"
24650236,"['javascript', 'html', 'css', 'shell']",JS-CSS-HTML*_JavaScript*_Shell*,IMI_EBD,"['.ts', '.js', '.html', '.sh', '.bsh', '.zsh', '.html', '.js', '.css']"
3605299,"['typescript', 'javascript', 'shell', 'html']",JS-CSS-HTML*,EBD,"['.html', '.js', '.css']"
3411652,"['javascript', 'html', 'css', 'shell']",JS-CSS-HTML*_JavaScript*_Shell*,IMI_EBD,"['.ts', '.js', '.html', '.sh', '.bsh', '.zsh', '.html', '.js', '.css']"
19510544,"['css', 'javascript']",JS-CSS-HTML*,EBD,"['.html', '.js', '.css']"
29882262,"['javascript', 'shell', 'css']",JS-CSS-HTML*_Shell*,IMI_EBD,"['.sh', '.bsh', '.zsh', '.html', '.js', '.css']"
7985525,"['html', 'objective-c', 'c', 'php', 'javascript', 'shell', 'css', 'ruby', 'c++']",JS-CSS-HTML*_Shell*_C-C++,FFI_IMI_EBD,"['.c', '.cpp', '.sh', '.bsh', '.zsh', '.html', '.js', '.css']"
74236755,"['go', 'javascript', 'css', 'html']",Go*_JS-CSS-HTML*,IMI_EBD,"['.go', '.html', '.js', '.css']"
72974961,"['javascript', 'html', 'css']",JS-CSS-HTML*_JavaScript*,IMI_EBD,"['.ts', '.js', '.html', '.html', '.js', '.css']"
53877810,"['javascript', 'css', 'shell', 'python', 'ruby', 'c', 'php']",JS-CSS-HTML*_JavaScript*_Shell*,IMI_EBD,"['.sh', '.bsh', '.zsh', '.ts', '.js', '.html', '.html', '.js', '.css']"
5094437,"['javascript', 'css']",JS-CSS-HTML*,EBD,"['.html', '.js', '.css']"
93732702,"['java', 'shell']",Shell*,IMI,"['.sh', '.bsh', '.zsh']"
11572519,"['shell', 'javascript']",Shell*,IMI,"['.sh', '.bsh', '.zsh']"
11589713,"['python', 'go', 'shell', 'css', 'html', 'ruby', 'javascript']",Go*_JavaScript*_Shell*_Python*_C-Go,FFI_IMI,"['.go', '.ts', '.js', '.html', '.sh', '.bsh', '.zsh', '.py', '.go']"
13911118,"['javascript', 'html', 'css', 'typescript', 'shell']",JS-CSS-HTML*_JavaScript*_Shell*,IMI_EBD,"['.ts', '.js', '.html', '.sh', '.bsh', '.zsh', '.html', '.js', '.css']"
39233228,"['python', 'shell', 'html']",Python*_Shell*,IMI,"['.py', '.sh', '.bsh', '.zsh']"
134030857,"['typescript', 'css', 'javascript', 'html']",JS-CSS-HTML*,EBD,"['.html', '.js', '.css']"
85594810,"['javascript', 'shell']",Shell*,IMI,"['.sh', '.bsh', '.zsh']"
9252533,"['python', 'shell', 'ruby']",Python*_Shell*,IMI,"['.sh', '.bsh', '.zsh', '.py']"
116252,"['javascript', 'css', 'ruby', 'shell']",JS-CSS-HTML*_JavaScript*_Shell*,IMI_EBD,"['.ts', '.js', '.html', '.sh', '.bsh', '.zsh', '.html', '.js', '.css']"
5676886,"['javascript', 'html', 'css']",JS-CSS-HTML*_JavaScript*,IMI_EBD,"['.ts', '.js', '.html', '.html', '.js', '.css']"
19290579,"['ruby', 'objective-c']",HIT*,HIT,['*']
102057483,"['python', 'c', 'c++', 'shell']",Python*_Shell*_C-Python_C-C++,FFI_IMI,"['.c', '.cpp', '.c', '.py', '.py', '.sh', '.bsh', '.zsh']"
28320207,"['javascript', 'html', 'css']",JS-CSS-HTML*,EBD,"['.html', '.js', '.css']"
28059374,"['javascript', 'html', 'css']",JS-CSS-HTML*_JavaScript*,IMI_EBD,"['.ts', '.js', '.html', '.html', '.js', '.css']"
5718947,"['javascript', 'html']",JavaScript*,IMI,"['.ts', '.js', '.html']"
261335,"['ruby', 'html', 'shell', 'css', 'javascript']",JS-CSS-HTML*,EBD,"['.html', '.js', '.css']"
139205847,"['python', 'shell']",Shell*,IMI,"['.sh', '.bsh', '.zsh']"
11178512,"['c', 'php', 'c++', 'shell']",Shell*_C-C++,FFI_IMI,"['.c', '.cpp', '.sh', '.bsh', '.zsh']"
2030956,"['javascript', 'html']",JavaScript*,IMI,"['.ts', '.js', '.html']"
1238201,"['objective-c', 'ruby', 'css']",HIT*,HIT,['*']
3056094,"['javascript', 'html', 'css', 'php']",JS-CSS-HTML*_JavaScript*,IMI_EBD,"['.ts', '.js', '.html', '.html', '.js', '.css']"
1145832,"['ruby', 'shell']",Ruby*_Shell*,IMI,"['.sh', '.bsh', '.zsh', '.rb']"
33361723,"['html', 'css', 'javascript', 'shell']",JS-CSS-HTML*_JavaScript*_Shell*,IMI_EBD,"['.sh', '.bsh', '.zsh', '.ts', '.js', '.html', '.html', '.js', '.css']"
76954504,"['javascript', 'css', 'html']",JS-CSS-HTML*_JavaScript*,IMI_EBD,"['.ts', '.js', '.html', '.html', '.js', '.css']"
21294600,"['c', 'ruby', 'shell']",Java-C_Shell*,FFI_IMI,"['.java', '.c', '.sh', '.bsh', '.zsh']"
45946078,"['python', 'shell']",HIT*,HIT,['*']
57430416,"['javascript', 'css', 'html']",JS-CSS-HTML*_JavaScript*,IMI_EBD,"['.ts', '.js', '.html', '.html', '.js', '.css']"
34045,"['objective-c', 'ruby']",HIT*,HIT,['*']
60427361,"['javascript', 'css', 'html']",JS-CSS-HTML*,EBD,"['.html', '.js', '.css']"
51711443,"['objective-c', 'ruby']",C++-Objective-C,FFI,['.mm']
11098077,"['shell', 'python', 'html', 'css']",JS-CSS-HTML*_Shell*,IMI_EBD,"['.sh', '.bsh', '.zsh', '.html', '.js', '.css']"
19360616,"['go', 'shell']",Ruby-Go_C-Go,FFI,"['.go', '.go']"
45547,"['javascript', 'html', 'css']",JS-CSS-HTML*_JavaScript*,IMI_EBD,"['.ts', '.js', '.html', '.html', '.js', '.css']"
5499847,"['objective-c', 'javascript', 'go', 'python', 'ruby', 'html', 'css']",JS-CSS-HTML*_JavaScript*,IMI_EBD,"['.ts', '.js', '.html', '.html', '.js', '.css']"
1834942,"['objective-c', 'shell', 'ruby', 'html']",Shell*,IMI,"['.sh', '.bsh', '.zsh']"
2321051,"['c', 'shell', 'c++']",Shell*_C-C++,FFI_IMI,"['.c', '.cpp', '.sh', '.bsh', '.zsh']"
3523632,"['java', 'shell']",Java*_Shell*,IMI,"['.sh', '.bsh', '.zsh', '.java']"
121953616,"['go', 'shell']",Shell*,IMI,"['.sh', '.bsh', '.zsh']"
137935980,"['css', 'javascript', 'html', 'ruby']",JS-CSS-HTML*_JavaScript*,IMI_EBD,"['.ts', '.js', '.html', '.html', '.js', '.css']"
9950667,"['go', 'shell']",,HIT,[]
12320895,"['javascript', 'html']",JavaScript*,IMI,"['.ts', '.js', '.html']"
89322848,"['java', 'shell', 'css']",Java*_Java-C_Shell*,FFI_IMI,"['.java', '.c', '.sh', '.bsh', '.zsh', '.java']"
41871628,"['shell', 'c']",Shell*,IMI,"['.sh', '.bsh', '.zsh']"
1867347,"['shell', 'c']",HIT*,HIT,['*']
27494663,"['go', 'shell']",Ruby-Go_C-Go,FFI,"['.go', '.go']"
37175929,"['c', 'c++', 'shell']",Java-C_C-C++,FFI,"['.c', '.cpp', '.java', '.c']"
4641606,"['javascript', 'html', 'shell']",JavaScript*_Shell*,IMI,"['.ts', '.js', '.html', '.sh', '.bsh', '.zsh']"
186309296,"['c++', 'shell']",Shell*,IMI,"['.sh', '.bsh', '.zsh']"
52645453,"['css', 'javascript', 'ruby']",JS-CSS-HTML*,EBD,"['.html', '.js', '.css']"
166535378,"['html', 'python', 'shell']",Shell*,IMI,"['.sh', '.bsh', '.zsh']"
48252677,"['javascript', 'css']",JS-CSS-HTML*,EBD,"['.html', '.js', '.css']"
3450268,"['css', 'ruby', 'html', 'javascript']",JS-CSS-HTML*,EBD,"['.html', '.js', '.css']"
52301805,"['typescript', 'javascript', 'shell']",JavaScript*_Shell*,IMI,"['.sh', '.bsh', '.zsh', '.ts', '.js', '.html']"
9086522,"['javascript', 'html', 'css']",JS-CSS-HTML*,EBD,"['.html', '.js', '.css']"
24243349,"['javascript', 'css', 'python', 'html', 'shell']",JS-CSS-HTML*_JavaScript*_Shell*,IMI_EBD,"['.sh', '.bsh', '.zsh', '.ts', '.js', '.html', '.html', '.js', '.css']"
40495024,"['javascript', 'css', 'html']",JS-CSS-HTML*,EBD,"['.html', '.js', '.css']"
562972,"['ruby', 'html', 'css', 'shell']",JS-CSS-HTML*_Shell*,IMI_EBD,"['.sh', '.bsh', '.zsh', '.html', '.js', '.css']"
9824723,"['javascript', 'html', 'shell']",JS-CSS-HTML*_Shell*,IMI_EBD,"['.sh', '.bsh', '.zsh', '.html', '.js', '.css']"
165179509,"['c++', 'objective-c', 'ruby', 'shell', 'java']",HIT*,HIT,['*']
67553543,"['ruby', 'objective-c']",HIT*,HIT,['*']
24549457,"['javascript', 'html']",JS-CSS-HTML*,EBD,"['.html', '.js', '.css']"
141040549,"['python', 'javascript', 'css', 'php', 'html', 'shell']",JS-CSS-HTML*_Shell*,IMI_EBD,"['.sh', '.bsh', '.zsh', '.html', '.js', '.css']"
126996636,"['html', 'css', 'javascript']",JS-CSS-HTML*_JavaScript*,IMI_EBD,"['.ts', '.js', '.html', '.html', '.js', '.css']"
55030441,"['javascript', 'css']",JavaScript*,IMI,"['.ts', '.js', '.html']"
59538658,"['go', 'shell']",Shell*,IMI,"['.sh', '.bsh', '.zsh']"
369782,"['html', 'shell', 'ruby']",Shell*,IMI,"['.sh', '.bsh', '.zsh']"
99440539,"['typescript', 'javascript']",JS-CSS-HTML*,EBD,"['.html', '.js', '.css']"
81271141,"['javascript', 'html', 'css', 'c', 'c++']",JS-CSS-HTML*_C-C++,FFI_EBD,"['.c', '.cpp', '.html', '.js', '.css']"
27382852,"['javascript', 'html', 'css']",JS-CSS-HTML*,EBD,"['.html', '.js', '.css']"
79157500,"['python', 'go', 'shell']",Shell*,IMI,"['.sh', '.bsh', '.zsh']"
24947147,"['objective-c', 'ruby', 'c']",HIT*,HIT,['*']
40619925,"['python', 'shell']",Shell*,IMI,"['.sh', '.bsh', '.zsh']"
41495065,"['javascript', 'objective-c', 'python', 'java']",HIT*,HIT,['*']
113487978,"['objective-c', 'ruby']",HIT*,HIT,['*']
118182130,"['php', 'javascript', 'html', 'css']",JS-CSS-HTML*,EBD,"['.html', '.js', '.css']"
48962505,"['c++', 'python', 'css']",HIT*,HIT,['*']
33849718,"['go', 'css', 'javascript', 'html']",JS-CSS-HTML*_JavaScript*,IMI_EBD,"['.ts', '.js', '.html', '.html', '.js', '.css']"
174237208,"['shell', 'html']",Shell*,IMI,"['.sh', '.bsh', '.zsh']"
3422923,"['python', 'html', 'css', 'javascript']",Python*_JavaScript*_JS-CSS-HTML*,IMI_EBD,"['.py', '.ts', '.js', '.html', '.html', '.js', '.css']"
102030660,"['c++', 'python', 'c', 'objective-c']",Python*_C-Python_C-C++,FFI_IMI,"['.c', '.cpp', '.c', '.py', '.py']"
105666776,"['ruby', 'objective-c']",HIT*,HIT,['*']
89835496,"['javascript', 'html', 'css', 'shell']",JS-CSS-HTML*_JavaScript*_Shell*,IMI_EBD,"['.ts', '.js', '.html', '.sh', '.bsh', '.zsh', '.html', '.js', '.css']"
2213243,"['javascript', 'css']",JavaScript*,IMI,"['.ts', '.js', '.html']"
19405131,"['typescript', 'javascript']",JS-CSS-HTML*,EBD,"['.html', '.js', '.css']"
10245882,"['css', 'javascript']",JavaScript*,IMI,"['.ts', '.js', '.html']"
39867267,"['html', 'java', 'css', 'javascript']",JS-CSS-HTML*_JavaScript*,IMI_EBD,"['.ts', '.js', '.html', '.html', '.js', '.css']"
163549671,"['go', 'shell']",C-Go,FFI,['.go']
104937700,"['go', 'html']",HIT*,HIT,['*']
15646954,"['python', 'shell']",Python*_Shell*,IMI,"['.py', '.sh', '.bsh', '.zsh']"
109392373,"['css', 'java', 'javascript', 'html']",JS-CSS-HTML*_JavaScript*,IMI_EBD,"['.ts', '.js', '.html', '.html', '.js', '.css']"
19989605,"['c++', 'python', 'shell', 'html']",Java-Python_Shell*,FFI_IMI,"['.py', '.java', '.sh', '.bsh', '.zsh']"
58395340,"['go', 'c', 'shell']",Ruby-Go_C-Go,FFI,"['.go', '.go']"
138679609,"['c', 'c++', 'python', 'javascript', 'css', 'html']",Python*_JavaScript*_Java-C_C-C++,FFI_IMI,"['.c', '.cpp', '.java', '.c', '.py', '.ts', '.js', '.html']"
569495,"['php', 'javascript', 'css', 'html', 'shell']",JS-CSS-HTML*_JavaScript*,IMI_EBD,"['.ts', '.js', '.html', '.html', '.js', '.css']"
82345864,"['java', 'javascript']",Java-C,FFI,"['.java', '.c']"
69333096,"['javascript', 'html']",JavaScript*,IMI,"['.ts', '.js', '.html']"
90197765,"['python', 'shell']",Shell*,IMI,"['.sh', '.bsh', '.zsh']"
95213972,"['ruby', 'objective-c']",HIT*,HIT,['*']
64528190,"['ruby', 'c']",HIT*,HIT,['*']
4008167,"['javascript', 'html', 'css']",JS-CSS-HTML*_JavaScript*,IMI_EBD,"['.ts', '.js', '.html', '.html', '.js', '.css']"
15199188,"['objective-c', 'java', 'javascript']",JavaScript*,IMI,"['.ts', '.js', '.html']"
85392271,"['python', 'shell']",Python*_Shell*,IMI,"['.sh', '.bsh', '.zsh', '.py']"
87239202,"['typescript', 'html', 'css', 'javascript']",JS-CSS-HTML*,EBD,"['.html', '.js', '.css']"
12780291,"['css', 'javascript', 'html']",JS-CSS-HTML*_JavaScript*,IMI_EBD,"['.ts', '.js', '.html', '.html', '.js', '.css']"
38764670,"['shell', 'java']",Shell*,IMI,"['.sh', '.bsh', '.zsh']"
78371142,"['go', 'javascript', 'shell', 'css', 'html']",JS-CSS-HTML*_Shell*,IMI_EBD,"['.sh', '.bsh', '.zsh', '.html', '.js', '.css']"
65905888,"['ruby', 'objective-c']",HIT*,HIT,['*']
4975854,"['c', 'shell', 'c++']",Java-C_C-C++,FFI,"['.c', '.cpp', '.java', '.c']"
36670472,"['javascript', 'html']",JS-CSS-HTML*,EBD,"['.html', '.js', '.css']"
9355482,"['python', 'shell']",Python*_Shell*,IMI,"['.sh', '.bsh', '.zsh', '.py']"
62952373,"['go', 'html']",Go*,IMI,['.go']
35565534,"['javascript', 'shell']",JavaScript*,IMI,"['.ts', '.js', '.html']"
771294,"['javascript', 'c', 'c++', 'python']",Java-C_C-C++,FFI,"['.c', '.cpp', '.java', '.c']"
12179932,"['html', 'javascript']",JS-CSS-HTML*,EBD,"['.html', '.js', '.css']"
83496974,"['javascript', 'shell', 'css', 'html']",JS-CSS-HTML*_Shell*,IMI_EBD,"['.sh', '.bsh', '.zsh', '.html', '.js', '.css']"
56460797,"['python', 'javascript', 'html']",Python*_JS-CSS-HTML*,IMI_EBD,"['.py', '.html', '.js', '.css']"
28889353,"['shell', 'javascript', 'python', 'css', 'html']",JS-CSS-HTML*_JavaScript*_Shell*,IMI_EBD,"['.ts', '.js', '.html', '.sh', '.bsh', '.zsh', '.html', '.js', '.css']"
86668534,"['java', 'c']",Java-C,FFI,"['.java', '.c']"
13165331,"['objective-c', 'python', 'ruby']",Python*,IMI,['.py']
46002907,"['java', 'html']",HIT*,HIT,['*']
126806687,"['python', 'shell']",Shell*,IMI,"['.sh', '.bsh', '.zsh']"
23081251,"['html', 'css', 'javascript']",JS-CSS-HTML*,EBD,"['.html', '.js', '.css']"
35086968,"['javascript', 'css']",JS-CSS-HTML*,EBD,"['.html', '.js', '.css']"
3499459,"['ruby', 'css', 'html', 'javascript']",JS-CSS-HTML*_JavaScript*,IMI_EBD,"['.ts', '.js', '.html', '.html', '.js', '.css']"
66083213,"['javascript', 'css', 'html']",JS-CSS-HTML*_JavaScript*,IMI_EBD,"['.ts', '.js', '.html', '.html', '.js', '.css']"
188316989,"['c', 'c++']",C-C++,FFI,"['.c', '.cpp']"
126034926,"['python', 'c++', 'shell']",Python*_Shell*,IMI,"['.sh', '.bsh', '.zsh', '.py']"
112516766,"['c++', 'c']",C-C++,FFI,"['.c', '.cpp']"
37421331,"['python', 'html', 'javascript']",Python*_JS-CSS-HTML*,IMI_EBD,"['.py', '.html', '.js', '.css']"
48394154,"['javascript', 'typescript']",JS-CSS-HTML*,EBD,"['.html', '.js', '.css']"
131076155,"['python', 'shell']",Shell*,IMI,"['.sh', '.bsh', '.zsh']"
103062798,"['java', 'javascript', 'html', 'css']",JS-CSS-HTML*,EBD,"['.html', '.js', '.css']"
1468022,"['c++', 'html']",HIT*,HIT,['*']
21759652,"['java', 'html']",Java-C,FFI,"['.java', '.c']"
46496316,"['c++', 'shell']",HIT*,HIT,['*']
53626965,"['javascript', 'html', 'css']",JS-CSS-HTML*,EBD,"['.html', '.js', '.css']"
59773356,"['ruby', 'objective-c']",HIT*,HIT,['*']
80581591,"['ruby', 'objective-c']",HIT*,HIT,['*']
55554128,"['javascript', 'shell']",HIT*,HIT,['*']
73436648,"['typescript', 'html', 'javascript', 'css']",JS-CSS-HTML*,EBD,"['.html', '.js', '.css']"
120207630,"['css', 'html', 'ruby', 'javascript']",Ruby*_JavaScript*_JS-CSS-HTML*,IMI_EBD,"['.rb', '.ts', '.js', '.html', '.html', '.js', '.css']"
16677055,"['javascript', 'html', 'css', 'shell']",JS-CSS-HTML*_JavaScript*_Shell*,IMI_EBD,"['.sh', '.bsh', '.zsh', '.ts', '.js', '.html', '.html', '.js', '.css']"
102099689,"['typescript', 'css', 'javascript', 'html', 'shell']",JS-CSS-HTML*_JavaScript*_Shell*,IMI_EBD,"['.sh', '.bsh', '.zsh', '.ts', '.js', '.html', '.html', '.js', '.css']"
18071368,"['javascript', 'html']",JS-CSS-HTML*,EBD,"['.html', '.js', '.css']"
1872254,"['python', 'javascript', 'html', 'shell']",JS-CSS-HTML*_JavaScript*_Shell*,IMI_EBD,"['.sh', '.bsh', '.zsh', '.ts', '.js', '.html', '.html', '.js', '.css']"
4220253,"['javascript', 'css', 'shell', 'php']",JS-CSS-HTML*_JavaScript*_Shell*,IMI_EBD,"['.sh', '.bsh', '.zsh', '.ts', '.js', '.html', '.html', '.js', '.css']"
3329435,"['java', 'html', 'css']",JS-CSS-HTML*,EBD,"['.html', '.js', '.css']"
3599189,"['java', 'html']",Java*,IMI,['.java']
163480400,"['python', 'shell']",Shell*,IMI,"['.sh', '.bsh', '.zsh']"
10259118,"['javascript', 'python']",Python*_JavaScript*,IMI,"['.ts', '.js', '.html', '.py']"
5676089,"['javascript', 'css']",JS-CSS-HTML*,EBD,"['.html', '.js', '.css']"
52461877,"['ruby', 'objective-c']",HIT*,HIT,['*']
58150266,"['python', 'c++']",HIT*,HIT,['*']
15657128,"['html', 'css', 'javascript', 'ruby', 'python']",JS-CSS-HTML*_JavaScript*,IMI_EBD,"['.ts', '.js', '.html', '.html', '.js', '.css']"
57257111,"['c++', 'python']",HIT*,HIT,['*']
38335273,"['objective-c', 'ruby']",HIT*,HIT,['*']
1797133,"['ruby', 'html']",HIT*,HIT,['*']
155203510,"['python', 'css', 'javascript', 'shell', 'html']",JS-CSS-HTML*_JavaScript*_Shell*,IMI_EBD,"['.sh', '.bsh', '.zsh', '.ts', '.js', '.html', '.html', '.js', '.css']"
37613809,"['c++', 'javascript', 'html', 'python', 'objective-c', 'shell', 'css', 'c']",JavaScript*_Shell*_C-C++,FFI_IMI,"['.c', '.cpp', '.sh', '.bsh', '.zsh', '.ts', '.js', '.html']"
169218900,"['javascript', 'php', 'css']",JS-CSS-HTML*_JavaScript*,IMI_EBD,"['.ts', '.js', '.html', '.html', '.js', '.css']"
120264700,"['objective-c', 'shell', 'ruby']",Shell*,IMI,"['.sh', '.bsh', '.zsh']"
22494900,"['c', 'objective-c', 'shell']",Shell*,IMI,"['.sh', '.bsh', '.zsh']"
89375180,"['javascript', 'objective-c', 'java', 'ruby', 'python']",Java-C,FFI,"['.java', '.c']"
28763547,"['objective-c', 'c', 'ruby', 'shell']",Shell*,IMI,"['.sh', '.bsh', '.zsh']"
56901410,"['c', 'c++', 'python', 'objective-c']",Python*_C-Python_C-C++,FFI_IMI,"['.c', '.cpp', '.c', '.py', '.py']"
37095480,"['c++', 'c']",C-C++,FFI,"['.c', '.cpp']"
16085064,"['python', 'shell']",Python*_Shell*,IMI,"['.py', '.sh', '.bsh', '.zsh']"
209379,"['ruby', 'javascript', 'python', 'css', 'html']",JS-CSS-HTML*,EBD,"['.html', '.js', '.css']"
50424341,"['c++', 'c', 'python']",C-C++,FFI,"['.c', '.cpp']"
9667424,"['javascript', 'html', 'css']",JS-CSS-HTML*,EBD,"['.html', '.js', '.css']"
1782227,"['python', 'javascript']",JavaScript*,IMI,"['.ts', '.js', '.html']"
17181837,"['html', 'php', 'css', 'javascript']",JS-CSS-HTML*,EBD,"['.html', '.js', '.css']"
24657641,"['go', 'html']",HIT*,HIT,['*']
15216146,"['javascript', 'html', 'css']",JS-CSS-HTML*_JavaScript*,IMI_EBD,"['.ts', '.js', '.html', '.html', '.js', '.css']"
56289751,"['c++', 'shell', 'c', 'java']",Shell*_C-C++,FFI_IMI,"['.c', '.cpp', '.sh', '.bsh', '.zsh']"
1323052,"['java', 'c']",Java-C,FFI,"['.java', '.c']"
592109,"['c', 'python']",C-Python,FFI,"['.c', '.py']"
9607724,"['javascript', 'shell', 'html', 'css']",JS-CSS-HTML*_JavaScript*_Shell*,IMI_EBD,"['.sh', '.bsh', '.zsh', '.ts', '.js', '.html', '.html', '.js', '.css']"
16865424,"['python', 'c', 'shell']",Python*_C-Python_Shell*,FFI_IMI,"['.c', '.py', '.py', '.sh', '.bsh', '.zsh']"
46008487,"['c++', 'html', 'c', 'objective-c', 'java', 'css', 'python', 'shell', 'ruby']",Python*_JavaScript*_Shell*_C-C++,FFI_IMI,"['.c', '.cpp', '.sh', '.bsh', '.zsh', '.py', '.ts', '.js', '.html']"
70405572,"['ruby', 'objective-c']",HIT*,HIT,['*']
8309253,"['c', 'python', 'shell', 'c++']",Python*_Shell*_C-C++,FFI_IMI,"['.c', '.cpp', '.sh', '.bsh', '.zsh', '.py']"
59018415,"['go', 'python', 'c', 'shell']",C-Go_Shell*,FFI_IMI,"['.go', '.sh', '.bsh', '.zsh']"
20966713,"['javascript', 'html']",JS-CSS-HTML*,EBD,"['.html', '.js', '.css']"
79531500,"['javascript', 'typescript']",JS-CSS-HTML*,EBD,"['.html', '.js', '.css']"
53397944,"['php', 'css', 'shell']",Shell*,IMI,"['.sh', '.bsh', '.zsh']"
27509416,"['typescript', 'html', 'javascript', 'css']",JS-CSS-HTML*,EBD,"['.html', '.js', '.css']"
69368483,"['css', 'javascript']",JS-CSS-HTML*,EBD,"['.html', '.js', '.css']"
4769450,"['javascript', 'css', 'shell']",JavaScript*_Shell*,IMI,"['.sh', '.bsh', '.zsh', '.ts', '.js', '.html']"
83302111,"['python', 'html']",HIT*,HIT,['*']
592276,"['python', 'html', 'shell', 'css']",Python*_JS-CSS-HTML*_Shell*,IMI_EBD,"['.sh', '.bsh', '.zsh', '.py', '.html', '.js', '.css']"
6308751,"['c++', 'c', 'shell']",Shell*_C-C++,FFI_IMI,"['.c', '.cpp', '.sh', '.bsh', '.zsh']"
2281710,"['objective-c', 'ruby', 'c']",HIT*,HIT,['*']
88831074,"['java', 'html', 'shell', 'php', 'css', 'javascript', 'python', 'ruby', 'c++']",Java*_JavaScript*_Java-C_Shell*,FFI_IMI,"['.java', '.c', '.java', '.sh', '.bsh', '.zsh', '.ts', '.js', '.html']"
96755517,"['java', 'html']",HIT*,HIT,['*']
44237651,"['javascript', 'css', 'html']",JS-CSS-HTML*,EBD,"['.html', '.js', '.css']"
72463633,"['typescript', 'javascript', 'html', 'css', 'shell']",JS-CSS-HTML*_JavaScript*_Shell*,IMI_EBD,"['.ts', '.js', '.html', '.sh', '.bsh', '.zsh', '.html', '.js', '.css']"
108945912,"['c++', 'c', 'objective-c']",C-C++,FFI,"['.c', '.cpp']"
12526458,"['c++', 'python']",HIT*,HIT,['*']
174852500,"['typescript', 'javascript', 'css']",JS-CSS-HTML*_JavaScript*,IMI_EBD,"['.ts', '.js', '.html', '.html', '.js', '.css']"
70463588,"['javascript', 'html', 'css']",JS-CSS-HTML*_JavaScript*,IMI_EBD,"['.ts', '.js', '.html', '.html', '.js', '.css']"
10113876,"['html', 'javascript', 'css']",JS-CSS-HTML*_JavaScript*,IMI_EBD,"['.ts', '.js', '.html', '.html', '.js', '.css']"
25056806,"['typescript', 'html', 'css', 'javascript']",JS-CSS-HTML*_JavaScript*,IMI_EBD,"['.ts', '.js', '.html', '.html', '.js', '.css']"
142490789,"['ruby', 'c']",HIT*,HIT,['*']
18335089,"['javascript', 'shell', 'java', 'html']",JS-CSS-HTML*_Shell*,IMI_EBD,"['.sh', '.bsh', '.zsh', '.html', '.js', '.css']"
133408559,"['javascript', 'typescript']",JS-CSS-HTML*,EBD,"['.html', '.js', '.css']"
8358935,"['go', 'python', 'javascript', 'c++', 'java']",Python*_Go*_C++-Objective-C,FFI_IMI,"['.mm', '.py', '.go']"
15600117,"['c++', 'python', 'html', 'shell']",Python*_Shell*,IMI,"['.py', '.sh', '.bsh', '.zsh']"
20745736,"['python', 'shell']",HIT*,HIT,['*']
6315931,"['java', 'css']",Java-C,FFI,"['.java', '.c']"
187332048,"['python', 'shell']",HIT*,HIT,['*']
66172698,"['python', 'javascript', 'html']",JS-CSS-HTML*,EBD,"['.html', '.js', '.css']"
745678,"['shell', 'python', 'html']",Python*_Shell*,IMI,"['.sh', '.bsh', '.zsh', '.py']"
60985120,"['objective-c', 'shell', 'python', 'go', 'ruby', 'c']",Shell*,IMI,"['.sh', '.bsh', '.zsh']"
10591320,"['javascript', 'html', 'css']",JS-CSS-HTML*_JavaScript*,IMI_EBD,"['.ts', '.js', '.html', '.html', '.js', '.css']"
1177157,"['javascript', 'css', 'html']",JS-CSS-HTML*_JavaScript*,IMI_EBD,"['.ts', '.js', '.html', '.html', '.js', '.css']"
1200728,"['go', 'shell']",HIT*,HIT,['*']
131020675,"['html', 'javascript', 'css']",JS-CSS-HTML*_JavaScript*,IMI_EBD,"['.ts', '.js', '.html', '.html', '.js', '.css']"
25606702,"['python', 'html']",Python*,IMI,['.py']
12858849,"['python', 'shell']",Shell*,IMI,"['.sh', '.bsh', '.zsh']"
133618047,"['typescript', 'css', 'javascript', 'html']",JS-CSS-HTML*,EBD,"['.html', '.js', '.css']"
162036134,"['python', 'html', 'shell']",Python*_Shell*,IMI,"['.sh', '.bsh', '.zsh', '.py']"
13734232,"['python', 'shell']",Python*_Shell*,IMI,"['.sh', '.bsh', '.zsh', '.py']"
1675632,"['javascript', 'html', 'shell', 'css']",JS-CSS-HTML*_JavaScript*_Shell*,IMI_EBD,"['.sh', '.bsh', '.zsh', '.ts', '.js', '.html', '.html', '.js', '.css']"
30487824,"['javascript', 'html', 'css']",JS-CSS-HTML*_JavaScript*,IMI_EBD,"['.ts', '.js', '.html', '.html', '.js', '.css']"
81348108,"['go', 'shell']",Go*_Shell*,IMI,"['.sh', '.bsh', '.zsh', '.go']"
150235,"['ruby', 'html']",Ruby*,IMI,['.rb']
1762831,"['ruby', 'html', 'javascript']",JS-CSS-HTML*,EBD,"['.html', '.js', '.css']"
298328,"['java', 'css', 'html']",Java-C,FFI,"['.java', '.c']"
2675949,"['javascript', 'css', 'html', 'python']",JS-CSS-HTML*_JavaScript*,IMI_EBD,"['.ts', '.js', '.html', '.html', '.js', '.css']"
143447275,"['c++', 'java', 'c', 'python', 'shell', 'html', 'objective-c']",Java*_Shell*_Java-C_C-C++,FFI_IMI,"['.c', '.cpp', '.java', '.c', '.java', '.sh', '.bsh', '.zsh']"
48436495,"['javascript', 'css', 'html']",JS-CSS-HTML*_JavaScript*,IMI_EBD,"['.ts', '.js', '.html', '.html', '.js', '.css']"
73010429,"['objective-c', 'c', 'java', 'c++', 'shell', 'ruby']",Shell*_Java-C_C-C++,FFI_IMI,"['.c', '.cpp', '.java', '.c', '.sh', '.bsh', '.zsh']"
78737622,"['ruby', 'shell']",HIT*,HIT,['*']
124406046,"['javascript', 'html', 'css']",JS-CSS-HTML*,EBD,"['.html', '.js', '.css']"
38416915,"['python', 'shell']",Shell*,IMI,"['.sh', '.bsh', '.zsh']"
74377565,"['shell', 'objective-c', 'ruby']",Shell*,IMI,"['.sh', '.bsh', '.zsh']"
632350,"['javascript', 'html', 'css']",JS-CSS-HTML*_JavaScript*,IMI_EBD,"['.ts', '.js', '.html', '.html', '.js', '.css']"
205403,"['java', 'html', 'javascript', 'css', 'shell', 'ruby', 'php']",Java*_JavaScript*_Java-C_Shell*,FFI_IMI,"['.java', '.c', '.ts', '.js', '.html', '.java', '.sh', '.bsh', '.zsh']"
41223710,"['css', 'html', 'ruby', 'javascript']",JS-CSS-HTML*,EBD,"['.html', '.js', '.css']"
4679659,"['html', 'javascript', 'css', 'ruby']",JS-CSS-HTML*,EBD,"['.html', '.js', '.css']"
91004353,"['python', 'shell', 'javascript']",Python*_Shell*,IMI,"['.py', '.sh', '.bsh', '.zsh']"
12953775,"['objective-c', 'javascript', 'java']",JavaScript*,IMI,"['.ts', '.js', '.html']"
8204897,"['html', 'shell', 'javascript']",JS-CSS-HTML*_Shell*,IMI_EBD,"['.sh', '.bsh', '.zsh', '.html', '.js', '.css']"
847744,"['html', 'css']",JS-CSS-HTML*,EBD,"['.html', '.js', '.css']"
37909507,"['javascript', 'html']",JavaScript*,IMI,"['.ts', '.js', '.html']"
12957983,"['javascript', 'html', 'c', 'c++', 'objective-c', 'css', 'java', 'shell', 'python']",JavaScript*_Shell*_C-C++,FFI_IMI,"['.c', '.cpp', '.ts', '.js', '.html', '.sh', '.bsh', '.zsh']"
52634092,"['go', 'typescript', 'html', 'css', 'shell', 'javascript']",Ruby-Go_JavaScript*_Go*_Shell*_C-Go,FFI_IMI,"['.go', '.go', '.sh', '.bsh', '.zsh', '.go', '.ts', '.js', '.html']"
25319462,"['java', 'python', 'c++', 'shell', 'html', 'javascript', 'c', 'css']",JavaScript*_Shell*_C-Python_C-C++,FFI_IMI,"['.c', '.cpp', '.c', '.py', '.sh', '.bsh', '.zsh', '.ts', '.js', '.html']"
126698578,"['css', 'javascript']",JS-CSS-HTML*,EBD,"['.html', '.js', '.css']"
111306296,"['javascript', 'html', 'css']",JS-CSS-HTML*,EBD,"['.html', '.js', '.css']"
109823996,"['php', 'shell', 'html']",Shell*,IMI,"['.sh', '.bsh', '.zsh']"
27613185,"['css', 'javascript']",JS-CSS-HTML*,EBD,"['.html', '.js', '.css']"
225393289,"['python', 'shell']",Python*_Shell*,IMI,"['.sh', '.bsh', '.zsh', '.py']"
9716363,"['javascript', 'html']",JS-CSS-HTML*,EBD,"['.html', '.js', '.css']"
39353953,"['javascript', 'java', 'python']",HIT*,HIT,['*']
48928882,"['ruby', 'html', 'javascript', 'css']",JS-CSS-HTML*_JavaScript*,IMI_EBD,"['.ts', '.js', '.html', '.html', '.js', '.css']"
18365504,"['c++', 'java', 'c', 'shell', 'html', 'javascript']",Java*_Shell*_Java-C_C-C++,FFI_IMI,"['.c', '.cpp', '.java', '.c', '.java', '.sh', '.bsh', '.zsh']"
93194639,"['php', 'html', 'css', 'javascript']",JS-CSS-HTML*,EBD,"['.html', '.js', '.css']"
102761243,"['c++', 'python', 'c', 'shell']",Shell*_C-C++,FFI_IMI,"['.c', '.cpp', '.sh', '.bsh', '.zsh']"
124128297,"['objective-c', 'ruby', 'c', 'shell']",HIT*,HIT,['*']
132961386,"['c++', 'c']",C-C++,FFI,"['.c', '.cpp']"
10620469,"['javascript', 'python']",JavaScript*,IMI,"['.ts', '.js', '.html']"
109095871,"['html', 'php', 'css', 'javascript']",JS-CSS-HTML*,EBD,"['.html', '.js', '.css']"
31089409,"['html', 'javascript', 'css']",JS-CSS-HTML*,EBD,"['.html', '.js', '.css']"
11825056,"['javascript', 'java', 'html', 'css', 'shell', 'python']",Java*_JavaScript*_Java-C_Shell*,FFI_IMI,"['.java', '.c', '.ts', '.js', '.html', '.sh', '.bsh', '.zsh', '.java']"
14247166,"['python', 'shell']",Python*_Shell*,IMI,"['.sh', '.bsh', '.zsh', '.py']"
58500595,"['ruby', 'objective-c']",HIT*,HIT,['*']
39391122,"['javascript', 'typescript']",JS-CSS-HTML*,EBD,"['.html', '.js', '.css']"
129113077,"['ruby', 'objective-c', 'shell', 'java', 'html']",Shell*,IMI,"['.sh', '.bsh', '.zsh']"
9062260,"['go', 'html', 'javascript', 'css', 'php']",JS-CSS-HTML*_JavaScript*_C-Go,FFI_IMI_EBD,"['.go', '.ts', '.js', '.html', '.html', '.js', '.css']"
16585506,"['ruby', 'html', 'css', 'javascript']",JS-CSS-HTML*_JavaScript*,IMI_EBD,"['.ts', '.js', '.html', '.html', '.js', '.css']"
6813862,"['javascript', 'html', 'css']",JS-CSS-HTML*_JavaScript*,IMI_EBD,"['.ts', '.js', '.html', '.html', '.js', '.css']"
